DeviceId,What Hour,Computation Range,Predicted Water Consumtion,Mean Absolout Error,r2_score
57976032,1,3,-1.142476663758696,0.4341461060880093,
57976032,2,3,-2.326753765513528,1.4429017280275631,
57976032,1,4,-2.326753765513528,1.6184232078428415,
