DeviceId,What Hour,Computation Range,Predicted Water Consumtion,Mean Absolout Error,r2_score
57222617,1,3,-0.1933380273551366,0.07121628671664165,
57222617,2,3,-0.22964913408555457,0.07211911116576242,
57222617,1,4,-0.21149358072034558,0.08937184008185062,
57222617,2,4,-0.2481128319555307,0.09058280903573854,
