DeviceId,What Hour,Computation Range,Predicted Water Consumtion,Mean Absolout Error,r2_score
57975941,1,3,-1.270575031705601,0.393946187058125,
57975941,2,3,-2.326753765513528,1.2928941716548852,
57975941,1,4,-1.8303497606238006,0.9537209159763246,
