DeviceId,What Hour,Computation Range,Predicted Water Consumtion,Mean Absolout Error,r2_score
57975969,1,3,0.9990212715016848,0.4519123113551302,
57975969,2,3,0.9125106204483735,0.19126610016398526,
57975969,1,4,0.9557659459750292,0.4951676368817859,
57975969,2,4,0.8751790810666311,0.22859763954572765,
