DeviceId,What Hour,Computation Range,Predicted Water Consumtion,Mean Absolout Error,r2_score
57976099,1,3,1.006319915401374,0.450138618536001,
57976099,2,3,0.9202415571646568,0.190359700325197,
57976099,1,4,0.9632807362830154,0.49317779765435965,
57976099,2,4,0.8831139040325992,0.22748735345725468,
