DeviceId,What Hour,Computation Range,Predicted Water Consumtion,Mean Absolout Error,r2_score
57975970,1,3,1.006319915401374,0.10428134208847983,
57975970,2,3,0.9202415571646568,0.5362169767727182,
57975970,1,4,0.9632807362830154,0.14732052120683847,
57975970,2,4,0.8831139040325992,0.5733446299047759,
