DeviceId,What Hour,Computation Range,Predicted Water Consumtion,Mean Absolout Error,r2_score
57975936,1,3,1.1037767206123588,0.13680879149438652,
57975936,2,3,0.9125106204483735,0.08651065105331135,
57975936,1,4,1.0081436705303661,0.23244184157637915,
57975936,2,4,0.8751790810666311,0.12384219043505373,
