DeviceId,What Hour,Computation Range,Predicted Water Consumtion,Mean Absolout Error,r2_score
57976046,1,3,0.8459862509005415,0.065940603927782,
57976046,2,3,1.456458533937375,0.7361872257321588,
57976046,1,4,1.1512223924189582,0.3711767454461987,
57976046,2,4,1.2313892246693745,0.5111179164641583,
