DeviceId,What Hour,Computation Range,Predicted Water Consumtion,Mean Absolout Error,r2_score
57222615,1,3,0.26657652982550695,0.10904650690571491,
57222615,2,3,0.30424610293410587,0.0745969688485513,
57222615,1,4,0.2854113163798064,0.12788129346001434,
57222615,2,4,0.3235230905440792,0.09387395645852462,
