DeviceId,What Hour,Computation Range,Predicted Water Consumtion,Mean Absolout Error,r2_score
57975966,1,3,-1.270575031705601,0.393946187058125,
57975966,2,3,-2.326753765513528,1.2928941716548852,
57975966,1,4,-1.766979036595325,0.890350191947849,
