DeviceId,What Hour,Computation Range,Predicted Water Consumtion,Mean Absolout Error,r2_score
58462055,1,3,-1.270575031705601,0.393946187058125,
58462055,2,3,-2.326753765513528,1.2928941716548852,
58462055,1,4,-1.8303497606238013,0.9537209159763252,
