DeviceId,What Hour,Computation Range,Predicted Water Consumtion,Mean Absolout Error,r2_score
57222611,1,3,1.0338595938586408,0.28009147599138096,
57222611,2,3,-2.326753765513528,3.2033826101610043,
57222611,1,4,-0.7136593530148844,1.4674274708821442,
