DeviceId,What Hour,Computation Range,Predicted Water Consumtion,Mean Absolout Error,r2_score
57222616,1,3,-0.17193719766470256,0.06942453435923261,
57222616,2,3,-0.20723836059782036,0.07017867605190156,
57222616,1,4,-0.18958777913126146,0.08707511582579151,
57222616,2,4,-0.2251512045805074,0.08809152003458862,
