DeviceId,What Hour,Computation Range,Predicted Water Consumtion,Mean Absolout Error,r2_score
57976046,1,3,-1.2816879442955278,0.39077317564843694,
57976046,2,3,-2.326753765513528,1.2800233327514259,
57976046,1,4,-1.7310662474192673,0.8401514787721764,
