DeviceId,What Hour,Computation Range,Predicted Water Consumtion,Mean Absolout Error,r2_score
57975932,1,3,-1.270575031705601,0.393946187058125,
57975932,2,3,-2.326753765513528,1.2928941716548852,
57975932,1,4,-1.8514733352999597,0.9748444906524837,
