DeviceId,What Hour,Computation Range,Predicted Water Consumtion,Mean Absolout Error,r2_score
57961515,1,3,1.1037767206123588,0.3471568622444563,
57961515,2,3,0.9990212715016848,0.24156424060506043,
57961515,1,4,1.0513989960570218,0.39953458679979326,
57961515,2,4,0.9557659459750292,0.2848195661317161,
