DeviceId,What Hour,Computation Range,Predicted Water Consumtion,Mean Absolout Error,r2_score
57976093,1,3,-1.2816879442955278,0.39077317564843694,
57976093,2,3,-2.326753765513528,1.2800233327514259,
57976093,1,4,-1.8564741459654275,0.9655593773183366,
