DeviceId,What Hour,Computation Range,Predicted Water Consumtion,Mean Absolout Error,r2_score
57976055,1,3,-1.2816879442955278,0.39077317564843694,
57976055,2,3,-2.326753765513528,1.2800233327514259,
57976055,1,4,-1.7206155892070876,0.8297008205599967,
