DeviceId,What Hour,Computation Range,Predicted Water Consumtion,Mean Absolout Error,r2_score
57975959,1,3,-1.2816879442955278,0.39077317564843694,
57975959,2,3,-2.326753765513528,1.2800233327514259,
57975959,1,4,-1.7101649309949074,0.8192501623478166,
