DeviceId,What Hour,Computation Range,Predicted Water Consumtion,Mean Absolout Error,r2_score
57222612,1,3,0.8909147686470921,0.22383910346223612,
57222612,2,3,1.0467304327621034,0.27738399817873893,
57222612,1,4,0.9812878538337985,0.3142121886489425,
57222612,2,4,-0.4376026144791726,1.206949049062537,
