DeviceId,What Hour,Computation Range,Predicted Water Consumtion,Mean Absolout Error,r2_score
57976093,1,3,0.4344763317887204,1.0219822021486547,
57976093,2,3,0.47638013127875595,0.08233403141049833,
57976093,1,4,0.4554282315337382,1.0010303024036369,
57976093,2,4,0.49820426177972055,0.10415816191146293,
