DeviceId,What Hour,Computation Range,Predicted Water Consumtion,Mean Absolout Error,r2_score
57976042,1,3,1.450933582856815,0.6130860411719263,
57976042,2,3,1.1037767206123588,0.19126610016398526,
57976042,1,4,1.277355151734587,0.4395076100496982,
57976042,2,4,1.172181116359552,0.2596704959111784,
