DeviceId,What Hour,Computation Range,Predicted Water Consumtion,Mean Absolout Error,r2_score
57975954,1,3,-1.2816879442955278,0.39077317564843694,
57975954,2,3,-2.326753765513528,1.2800233327514259,
57975954,1,4,-1.7728688802679873,0.8819541116208964,
