DeviceId,What Hour,Computation Range,Predicted Water Consumtion,Mean Absolout Error,r2_score
57975942,1,3,1.1106012574898538,0.3458572764475212,
57975942,2,3,0.9202415571646568,0.3266155668567311,
57975942,1,4,1.0154214073272554,0.4410371266101196,
57975942,2,4,0.8831139040325992,0.3637432199887888,
