DeviceId,What Hour,Computation Range,Predicted Water Consumtion,Mean Absolout Error,r2_score
58462055,1,3,1.1106012574898538,0.1362558665315341,
58462055,2,3,1.006319915401374,0.28604860719615777,
58462055,1,4,1.058460586445614,0.1883965375757739,
58462055,2,4,0.9632807362830154,0.24300942807779913,
