DeviceId,What Hour,Computation Range,Predicted Water Consumtion,Mean Absolout Error,r2_score
57975953,1,3,0.9915419182562253,0.24262301280770626,
57975953,2,3,0.9045844955452879,0.19220210788121983,
57975953,1,4,0.9480632069007566,0.2861017241631749,
57975953,2,4,0.8670419445303459,0.2297446588961618,
