DeviceId,What Hour,Computation Range,Predicted Water Consumtion,Mean Absolout Error,r2_score
57976096,1,3,1.1106012574898538,0.1362558665315341,
57976096,2,3,0.9202415571646568,0.08607835823671717,
57976096,1,4,1.0154214073272554,0.23143571669413254,
57976096,2,4,0.8831139040325992,0.12320601136877485,
