DeviceId,What Hour,Computation Range,Predicted Water Consumtion,Mean Absolout Error,r2_score
57976045,1,3,0.9125106204483735,0.5384229624084416,
57976045,2,3,0.9990212715016848,0.10475544911067391,
57976045,1,4,0.9557659459750292,0.4951676368817859,
57976045,2,4,0.9184344065932868,0.18534231401907197,
