DeviceId,What Hour,Computation Range,Predicted Water Consumtion,Mean Absolout Error,r2_score
57975982,1,3,1.1037767206123588,0.13680879149438652,
57975982,2,3,0.9990212715016848,0.2876662558804475,
57975982,1,4,1.0513989960570218,0.18918651604972347,
57975982,2,4,0.9557659459750292,0.2444109303537918,
