DeviceId,What Hour,Computation Range,Predicted Water Consumtion,Mean Absolout Error,r2_score
57222617,1,3,1.0338595938586408,0.28009147599138096,
57222617,2,3,-2.326753765513528,3.2033826101610043,
57222617,1,4,-0.6464470858274399,1.4002152036946998,
