DeviceId,What Hour,Computation Range,Predicted Water Consumtion,Mean Absolout Error,r2_score
57976044,1,3,1.1106012574898538,0.3458572764475212,
57976044,2,3,1.006319915401374,0.24053720862001393,
57976044,1,4,1.058460586445614,0.397997947491761,
57976044,2,4,0.9632807362830154,0.28357638773837257,
