DeviceId,What Hour,Computation Range,Predicted Water Consumtion,Mean Absolout Error,r2_score
57975943,1,3,-1.0467304327621034,0.27738399817873827,
57975943,2,3,-1.2816879442955278,0.39077317564843694,
57975943,1,4,-1.147762162721476,0.37841572813811086,
57975943,2,4,-1.8251221713288877,0.9342074026817968,
