DeviceId,What Hour,Computation Range,Predicted Water Consumtion,Mean Absolout Error,r2_score
57975947,1,3,0.9990212715016848,0.10475544911067391,
57975947,2,3,0.9125106204483735,0.5384229624084416,
57975947,1,4,0.9557659459750292,0.1480107746373296,
57975947,2,4,0.8751790810666311,0.575754501790184,
