DeviceId,What Hour,Computation Range,Predicted Water Consumtion,Mean Absolout Error,r2_score
57976032,1,3,0.9045844955452879,0.2554284283211631,
57976032,2,3,0.8121330698576884,0.2036509789683184,
57976032,1,4,0.8583587827014881,0.3016541411649628,
57976032,2,4,0.771970759012233,0.24381328981377381,
